https://res.cloudinary.com/jeancoutu/image/fetch/f_auto,fl_progressive.lossy,q_auto/https://www.jeancoutu.com/catalog-images/260342/en/featured-thumb/personnelle-supravite-energizing-formula-30-x-10-ml.png;
https://res.cloudinary.com/jeancoutu/image/fetch/f_auto,fl_progressive.lossy,q_auto/https://www.jeancoutu.com/catalog-images/411020/featured-thumb/webber-lactase-enzyme-extra-strength-60-units.png;
https://res.cloudinary.com/jeancoutu/image/fetch/f_auto,fl_progressive.lossy,q_auto/https://www.jeancoutu.com/catalog-images/289278/featured-thumb/intelligel-gel-metatarsal-pillow-small.png;
https://res.cloudinary.com/jeancoutu/image/fetch/f_auto,fl_progressive.lossy,q_auto/https://www.jeancoutu.com/catalog-images/410252/featured-thumb/convatec-orabase-75g.png;
https://res.cloudinary.com/jeancoutu/image/fetch/f_auto,fl_progressive.lossy,q_auto/https://www.jeancoutu.com/catalog-images/450895/en/featured-thumb/webber-naturals-dairy-again-lactase-enzyme-250-mg-french-vanilla-chewable-tablets-60-unites.png;
https://res.cloudinary.com/jeancoutu/image/fetch/f_auto,fl_progressive.lossy,q_auto/https://www.jeancoutu.com/catalog-images/107786/en/featured-thumb/holista-restorativ-celadrin-cream-40-g.png;
https://res.cloudinary.com/jeancoutu/image/fetch/f_auto,fl_progressive.lossy,q_auto/https://www.jeancoutu.com/catalog-images/190445/en/featured-thumb/webber-biotin-capsules-60-units.png;
https://res.cloudinary.com/jeancoutu/image/fetch/f_auto,fl_progressive.lossy,q_auto/https://www.jeancoutu.com/catalog-images/980183/featured-thumb/ensure-ensure-high-protein-vanilla-6-x-235-ml.png;
https://res.cloudinary.com/jeancoutu/image/fetch/e_blur:1000,f_jpg,fl_progressive.lossy,q_auto/https://www.jeancoutu.com/catalog-images/980192/featured-thumb/ensure-ensure-plus-calories-vanilla-6-x-235-ml.png;
https://res.cloudinary.com/jeancoutu/image/fetch/e_blur:1000,f_jpg,fl_progressive.lossy,q_auto/https://www.jeancoutu.com/catalog-images/288027/featured-thumb/personnelle-calcium-antacid-assorted-berries-115-units.png;
https://res.cloudinary.com/jeancoutu/image/fetch/e_blur:1000,f_jpg,fl_progressive.lossy,q_auto/https://www.jeancoutu.com/catalog-images/288026/featured-thumb/personnelle-calcium-antacid-peppermint-115-units.png;
https://res.cloudinary.com/jeancoutu/image/fetch/e_blur:1000,f_jpg,fl_progressive.lossy,q_auto/https://www.jeancoutu.com/catalog-images/118375/featured-thumb/supporo-knee-high-elastic-stocking-for-women-20-25-mmhg-medium-beige-1-unit.png;
https://res.cloudinary.com/jeancoutu/image/fetch/e_blur:1000,f_jpg,fl_progressive.lossy,q_auto/https://www.jeancoutu.com/catalog-images/313117/featured-thumb/gold-bond-medicated-foot-powder-113-g.png;
https://res.cloudinary.com/jeancoutu/image/fetch/e_blur:1000,f_jpg,fl_progressive.lossy,q_auto/https://www.jeancoutu.com/catalog-images/441694/en/featured-thumb/natures-bounty-milk-thistle-1000-mg-200-units.png;
https://res.cloudinary.com/jeancoutu/image/fetch/e_blur:1000,f_jpg,fl_progressive.lossy,q_auto/https://www.jeancoutu.com/catalog-images/560108/featured-thumb/hugo-ice-o-grip-5-prong-1-unit.png;
https://res.cloudinary.com/jeancoutu/image/fetch/e_blur:1000,f_jpg,fl_progressive.lossy,q_auto/https://www.jeancoutu.com/catalog-images/980178/featured-thumb/ensure-ensure-high-protein-chocolate-6-x-235-ml.png;
https://res.cloudinary.com/jeancoutu/image/fetch/e_blur:1000,f_jpg,fl_progressive.lossy,q_auto/https://www.jeancoutu.com/catalog-images/190448/en/featured-thumb/webber-turmeric-capsules-120-units.png;
https://res.cloudinary.com/jeancoutu/image/fetch/e_blur:1000,f_jpg,fl_progressive.lossy,q_auto/https://www.jeancoutu.com/catalog-images/416631/en/featured-thumb/psoriasin-coal-tar-ointment-usp-2-113-g.png;
https://res.cloudinary.com/jeancoutu/image/fetch/e_blur:1000,f_jpg,fl_progressive.lossy,q_auto/https://www.jeancoutu.com/catalog-images/314017/en/featured-thumb/redoxon-redoxon-vitamin-c-orange-15-units.png;
https://res.cloudinary.com/jeancoutu/image/fetch/e_blur:1000,f_jpg,fl_progressive.lossy,q_auto/https://www.jeancoutu.com/catalog-images/210015/featured-thumb/ovol-regular-80-mg-mint-50-units.png;
https://res.cloudinary.com/jeancoutu/image/fetch/e_blur:1000,f_jpg,fl_progressive.lossy,q_auto/https://www.jeancoutu.com/catalog-images/311151/featured-thumb/probaclac-adult-50-probiotic-60-units.png;
https://res.cloudinary.com/jeancoutu/image/fetch/e_blur:1000,f_jpg,fl_progressive.lossy,q_auto/https://www.jeancoutu.com/catalog-images/259611/featured-thumb/personnelle-feminine-wipes-25-units.png;
https://res.cloudinary.com/jeancoutu/image/fetch/e_blur:1000,f_jpg,fl_progressive.lossy,q_auto/https://www.jeancoutu.com/catalog-images/566111/featured-thumb/personnelle-foam-ear-plugs-with-case-1-unit.png;
https://res.cloudinary.com/jeancoutu/image/fetch/e_blur:1000,f_jpg,fl_progressive.lossy,q_auto/https://www.jeancoutu.com/catalog-images/251369/en/featured-thumb/jamieson-10-billion-probiotic-daily-maintenance-60-units.png;
